-- phpMyAdmin SQL Dump
-- version 4.9.1
-- https://www.phpmyadmin.net/
--
-- Host: 127.0.0.1
-- Generation Time: Apr 06, 2020 at 06:00 AM
-- Server version: 10.4.8-MariaDB
-- PHP Version: 7.3.11
--TABLE NAME="dropdown"

SET SQL_MODE = "NO_AUTO_VALUE_ON_ZERO";
SET AUTOCOMMIT = 0;
START TRANSACTION;
SET time_zone = "+00:00";


/*!40101 SET @OLD_CHARACTER_SET_CLIENT=@@CHARACTER_SET_CLIENT */;
/*!40101 SET @OLD_CHARACTER_SET_RESULTS=@@CHARACTER_SET_RESULTS */;
/*!40101 SET @OLD_COLLATION_CONNECTION=@@COLLATION_CONNECTION */;
/*!40101 SET NAMES utf8mb4 */;

--
-- Database: `dropdown`
--

-- --------------------------------------------------------

--
-- Table structure for table `city`
--

CREATE TABLE `city` (
  `id` int(11) NOT NULL,
  `name` varchar(255) NOT NULL,
  `codes` varchar(255) NOT NULL,
  `state_id` int(11) NOT NULL
) ENGINE=InnoDB DEFAULT CHARSET=latin1;

--
-- Dumping data for table `city`
--

INSERT INTO `city` (`id`, `name`, `codes`, `state_id`) VALUES
(1, 'Solukhumbu D.P.O. ', '56000', 1),
(2, 'Namche Bazar', '56002', 1),
(3, 'Sotang', '56004', 1),
(4, 'Jubu', '56005', 1),
(5, 'Nele', '56006', 1),
(6, 'Shishakhola', '56007', 1),
(7, 'Himganga', '56009', 1),
(8, 'Lukla', '56010', 1),
(9, 'Okhaldhunga D.P.O', '56100', 2),
(10, 'Khani Bhanjyang', '56101', 2),
(11, 'Rumhatar', '56102', 2),
(12, 'Rampur', '56104', 2),
(13, 'Bigutar', '56105', 2),
(14, 'Khiji Phalate', '56106', 2),
(15, 'Gamanangtar', '56107', 2),
(16, 'Ghorakhori', '56108', 2),
(17, 'Chyanam', '56109', 2),
(18, 'Mane Bhanjyang', '56110', 2),
(19, 'Moli', '56111', 2),
(20, 'Ragani', '56112', 2),
(21, 'Khotang D.P.O.', '56200', 3),
(22, 'Wakshila', '56201', 3),
(23, 'Aiselukharka', '56202', 3),
(24, 'Jalpa', '56204', 3),
(25, 'Lamidanda', '56205', 3),
(76, 'Halesi Mahadevasthan', '56206', 3),
(77, 'Buipa', '56208', 3),
(78, 'Manebhanjyang', '56209', 3),
(79, 'Sapteshworichhitapokhari', '56210', 3),
(80, 'Khotang', '56211', 3),
(81, 'Chisapani', '56212', 3),
(82, 'Simpani', '56214', 3),
(83, 'Udayapur D.P.O. ', '56300', 4),
(84, 'Ratapani (Toksila)', '56301', 4),
(85, 'Beltar', '56302', 4),
(86, 'Hadiya', '56303', 4),
(87, 'Pokhari', '56305', 4),
(88, 'Baraha', '56306', 4),
(89, 'Bhutar', '56307', 4),
(90, 'Rampur Ghilke', '56308', 4),
(91, 'Udayapur Gadhi', '56309', 4),
(92, 'Katari', '56310', 4),
(93, 'Sorung', '56311', 4),
(94, 'Rauta Markuchi', '56312', 4),
(95, 'Chunimari ', '56600', 5),
(96, 'Rangeli', '56602', 5),
(97, 'Morang (E.R.P.D.)', '56600', 5),
(98, 'Sanisachare', '56603', 5),
(99, 'Urlabari', '56604', 5),
(100, 'Madhumalla', '56605', 5),
(101, 'Bayarban', '56606', 5),
(102, 'Sorabhag', '56607', 5),
(103, 'Dodarberiya', '56608', 5),
(104, 'Letang', '56609', 5),
(105, 'Kerabari', '56610', 5),
(106, 'Haraincha', '56611', 5),
(107, 'Bhaudaha', '56612', 5),
(108, 'Biratnagar Bazar', '56613', 5),
(109, 'Rani Sikiyahi', '56614', 5),
(110, 'Jhorahat', '56615', 5),
(111, 'Banigama', '56616', 5),
(112, 'Bansbari', '56617', 5),
(113, 'Sunsari D.P.O.  ', '56700', 6),
(114, 'Mangalbare', '56702', 6),
(115, 'Chatara', '56703', 6),
(116, 'Bakalauri', '56704', 6),
(117, 'Ithari', '56705', 6),
(118, 'Simariya', '56706', 6),
(119, 'Duhabi', '56707', 6),
(120, 'Chimadi', '56708', 6),
(121, 'Jhumka', '56709', 6),
(122, 'Inawauwa', '56710', 6),
(123, 'Aurabari', '56711', 6),
(124, 'Dewangunj', '56712', 6),
(125, 'Madhuban', '56713', 6),
(126, 'Laikahee', '56714', 6),
(127, 'Bhautaha', '56715', 6),
(128, 'Mahendra Namgar', '56716', 6),
(129, 'Chhitaha', '56717', 6),
(130, 'Dhankuta D.P.O.  ', '56800', 7),
(131, 'Mudhebash', '56801', 7),
(132, 'Rajarani', '56802', 7),
(133, 'Dandabazar', '56803', 7),
(134, 'Bhedetar', '56804', 7),
(135, 'Ankhisalla', '56805', 7),
(136, 'Hile', '56806', 7),
(137, 'Muga  ', '56807', 7),
(138, 'Teliya', '56808', 7),
(139, 'Pakhriibash', '56809', 7),
(140, 'Leguwa', '56810', 7),
(141, 'Mare Katahare', '56811', 7),
(142, 'Arknaule', '56812', 7),
(143, 'Chungmang', '56813', 7),
(144, 'Sankhuwasabha D.P.O.  ', '56900', 8),
(145, 'Hatiya', '56901', 8),
(146, 'Hedangana', '56902', 8),
(147, 'Tamku', '56903', 8),
(148, 'Chandanpur', '56904', 8),
(149, 'Bahrabise', '56905', 8),
(150, 'Tumlingtar', '56906', 8),
(151, 'Wana  ', '56907', 8),
(152, 'Shidhakali', '56908', 8),
(153, 'Madi', '56909', 8),
(154, 'Ankhibhui', '56910', 8),
(155, 'Mamling', '56911', 8),
(156, 'Manebhanjyang', '56912', 8),
(157, 'Chainpur', '56913', 8),
(158, 'Bhojpur D.P.O.  ', '57000', 9),
(159, 'Kulung Agrakhe', '57001', 9),
(160, 'Dingla', '57002', 9),
(161, 'Deurali', '57003', 9),
(162, 'Pyauli', '57004', 9),
(163, 'Yaku', '57005', 9),
(164, 'Bastim', '57006', 9),
(165, 'Timma', '57008', 9),
(166, 'Dilpa Annapurna', '57009', 9),
(167, 'Bhulke', '57010', 9),
(168, 'Baikunthe', '57011', 9),
(169, 'Ranibas', '57012', 9),
(170, 'Walangkha', '57013', 9),
(171, 'Tiwari Bhanjyang', '57014', 9),
(172, 'Dobhane', '57015', 9),
(173, 'Terhathum  D.P.O.  ', '57100', 10),
(174, 'Jirikhimti', '57102', 10),
(175, 'Tinjure', '57103', 10),
(176, 'Basantapur', '57104', 10),
(177, 'Sudap', '57105', 10),
(178, 'Hamarjung', '57106', 10),
(179, 'Morahang', '57108', 10),
(180, 'Pokalawang', '57109', 10),
(181, 'Mulpani', '57110', 10),
(182, 'Iwa', '57111', 10),
(183, 'Jhapa  D.P.O.  ', '57200', 11),
(184, 'Baniyani', '57201', 11),
(185, 'Goldhap', '57202', 11),
(186, 'Chandragadhi', '57203', 11),
(187, 'Birtamod', '57204', 11),
(188, 'Sanishchare', '57205', 11),
(189, 'Budhabare', '57206', 11),
(190, 'Dhulabari', '57207', 11),
(191, 'Kankarbhitta', '57208', 11),
(192, 'Rajgadh', '57209', 11),
(193, 'Durgapur', '57210', 11),
(194, 'Jhapa', '57211', 11),
(195, 'Dudhe', '57212', 11),
(196, 'Shivagunj', '57213', 11),
(197, 'Topagachhi', '57214', 11),
(198, 'Gaurigunj', '57215', 11),
(199, 'Gauradaha', '57216', 11),
(200, 'Damak', '57216', 11),
(201, 'Illam  D.P.O.  ', '57300', 12),
(202, 'Nayabazar', '57302', 12),
(203, 'Pashupatinagar', '57303', 12),
(204, 'Aaitabare', '57304', 12),
(205, 'Harkatebazar', '57305', 12),
(206, 'Hanjurmukhi', '57306', 12),
(207, 'Mangal Bare', '57307', 12),
(208, 'Nepaltar', '57308', 12),
(209, 'Jamuna', '57309', 12),
(210, 'Gitpur', '57310', 12),
(211, 'Cheesa Pani Panchami', '57312', 12),
(212, 'Phikal', '57312', 12),
(213, 'Panchthar  D.P.O.  ', '57400', 13),
(214, 'Chyangthapu', '57401', 13),
(215, 'Ambarpur', '57402', 13),
(216, 'Namuluwa', '57403', 13),
(217, 'Yangnam', '57404', 13),
(218, 'Nawamidanda', '57406', 13),
(219, 'Mehelbote', '57407', 13),
(220, 'Yasok', '57408', 13),
(221, 'Mauwa', '57409', 13),
(222, 'Rabi', '57410', 13),
(223, 'Limba', '57411', 13),
(224, 'Medibung', '574112', 13),
(225, 'Taplejung  D.P.O.  ', '57500', 14),
(226, 'Khewang', '57501', 14),
(227, 'Sadeba', '57502', 14),
(228, 'Sinam', '57503', 14),
(229, 'Pedang', '57504', 14),
(230, 'Thechambu', '57505', 14),
(231, 'Siwang', '57506', 14),
(232, 'Khokling', '57507', 14),
(233, 'Olangchunggola', '57508', 14),
(234, 'Thimba', '57509', 14),
(235, 'Dobhan', '57510', 14),
(236, 'Change', '57511', 14),
(237, 'Hangpang', '57512', 14),
(238, 'Parsa D.P.O.  ', '44300', 15),
(239, 'Adarshanagar', '44301', 15),
(240, 'Parbanipur', '44303', 15),
(241, 'Bindabasini', '44304', 15),
(242, 'Bahuari Pidari', '44305', 15),
(243, 'Shrisiya Khalwatola', '44306', 15),
(244, 'Biruwaguthi', '44307', 15),
(245, 'Pakahamainpur', '44308', 15),
(246, 'Phokhariya', '44309', 15),
(247, 'Ranigunj', '44310', 15),
(248, 'Paterwa Sugauli', '44311', 15),
(249, 'Viswa', '44312', 15),
(250, 'Janakitol', '44313', 15),
(251, 'Jeetpur', '44314', 15),
(252, 'Thori', '44315', 15),
(253, 'Bara D.P.O.  ', '44400', 16),
(254, 'Nijgadh', '44401', 16),
(255, 'Mahendra Adarsha', '44402', 16),
(256, 'Simraungadh', '44403', 16),
(257, 'Umjan', '44404', 16),
(258, 'Bariuarpur', '44405', 16),
(259, 'Kabahigoth', '44406', 16),
(260, 'Dumarwana', '44408', 16),
(261, 'Pipradhigoth', '44410', 16),
(262, 'Basantapur', '44411', 16),
(263, 'Simara', '44412', 16),
(264, 'Parsoni', '44413', 16),
(265, 'Amalekhgung', '44416', 16),
(266, 'Jeetpur(Bhavanipur)', '44417', 16),
(267, 'Rauthat D.P.O.  ', '44500', 17),
(268, 'Saruatha', '44502', 17),
(269, 'Pirata Bazar', '44503', 17),
(270, 'Madhopur', '44504', 17),
(271, 'Rajourpharahadawa', '44506', 17),
(272, 'Patharabudhram', '44508', 17),
(273, 'Sitalpur', '44509', 17),
(274, 'Shivanagar', '44510', 17),
(275, 'Laxminiya', '44511', 17),
(276, 'Kataharia', '44512', 17),
(277, 'Samanpur', '44513', 17),
(278, 'Chandra Nigahapur', '44515', 17),
(279, 'Dhanusa D.P.O.  ', '45600', 17),
(280, 'Khajuri', '45601', 17),
(281, 'Tinloriya', '45602', 17),
(282, 'Yadukuha', '45603', 17),
(283, 'Duhabi', '45604', 17),
(284, 'Chakkar', '45605', 17),
(285, 'Raghunthpur', '45606', 17),
(286, 'Godar Chisapani', '45607', 17),
(287, 'Dhanushadham', '45608', 17),
(288, 'Bagachouda', '45610', 17),
(289, 'Jatahi', '45611', 17),
(290, 'Phulgama', '45612', 17),
(291, 'Sajhuwa Mahemdranagar', '45617', 17),
(292, 'Dhalkebar', '45617', 17),
(293, 'Mahottarai D.P.O.  ', '45700', 17),
(294, 'Bardibash', '45701', 17),
(295, 'Bhangaha', '45702', 17),
(296, 'Loharpatti', '45703', 17),
(297, 'Pipara', '45704', 17),
(298, 'Matihani', '45705', 17),
(299, 'Ramgopalpur', '45707', 17),
(300, 'Balawa', '45708', 17),
(301, 'Laxminiya', '45710', 17),
(302, 'Gaushala', '45711', 17),
(303, 'Shreepur', '45712', 17),
(304, 'Samsi', '45713', 17),
(305, 'Manara', '45714', 17),
(306, 'Sarlahi D.P.O.  ', '45800', 20),
(307, 'Lalbandi', '45801', 20),
(308, 'Bayalbas', '45802', 20),
(309, 'Haripoorwa', '45803', 20),
(310, 'Hariaun', '45804', 20),
(311, 'Haripur', '45805', 20),
(312, 'Bwahmapuri', '45806', 20),
(313, 'Kaudena', '45809', 20),
(314, 'Baraharhawa', '45810', 20),
(315, 'Sundarpur', '45811', 20),
(316, 'Dumariya', '45813', 20),
(317, 'Karmaiya', '45814', 20),
(318, 'Harkthawa', '45815', 20),
(319, 'Ramnagar(Bahuarwa)', '45816', 20),
(320, 'Chhatauna', '45817', 20),
(321, 'Saptari D.P.O.  ', '56400', 21),
(322, 'Hanuman Nagar', '56401', 21),
(323, 'Bairaba', '56402', 21),
(324, 'Phattepur', '56403', 21),
(325, 'Kanchanpur', '56404', 21),
(326, 'Peaswani', '56405', 21),
(327, 'Bhagawatpur', '56406', 21),
(328, 'Koiladi', '56407', 21),
(329, 'Chhunnamasta', '56408', 21),
(330, 'Bushnupur', '56409', 21),
(331, 'Rupani', '56411', 21),
(332, 'Pato', '56412', 21),
(333, 'Arnaha', '56413', 21),
(334, 'Kalyanpur', '56414', 21),
(335, 'Bodebaesain', '56415', 21),
(336, 'Susawa', '56416', 21),
(337, 'Kadaarworia', '56417', 21),
(338, 'Bhardaha', '56418', 21),
(339, 'Siraha D.P.O.  ', '56400', 22),
(340, 'Bastipur', '56401', 22),
(341, 'Lahan', '56402', 22),
(342, 'Bhagaawanpur', '56403', 22),
(343, 'Dhangadhi', '56404', 22),
(344, 'Maheshpur Patari', '56405', 22),
(345, 'Bariyapatti', '56406', 22),
(346, 'Golbazar(Asanpur)', '56408', 22),
(347, 'Sukhipur', '56409', 22),
(348, 'Bushnupur', '56411', 22),
(349, 'Belha', '56412', 22),
(350, 'Madar', '56413', 22),
(351, 'Mirchaiya', '56415', 22),
(352, 'Bandupur', '56416', 22),
(353, 'Kalyanpur Jabadi', '56417', 22),
(354, 'Chitwan D.P.O.  ', '44200', 23),
(355, 'Bhandara', '44202', 23),
(356, 'Khairahani', '44203', 23),
(357, 'Ratnanagar', '44204', 23),
(358, 'Jutpani', '44205', 23),
(359, 'Mugling', '44206', 23),
(360, 'Narayangadh', '44207', 23),
(361, 'Phulbari', '44208', 23),
(362, 'Rampur', '44209', 23),
(363, 'Meghuli', '44210', 23),
(364, 'Patihani', '44211', 23),
(365, 'Sodhi Bazar', '44212', 23),
(366, 'Harinagar', '44213', 23),
(367, 'Madi', '33214', 23),
(368, 'Makwanpur D.P.O.  ', '44100', 24),
(369, 'Phaparbari', '44101', 24),
(370, 'Ritha Chhatiban', '44102', 24),
(371, 'Hatiya', '44103', 24),
(372, 'Aambhanjyang', '44104', 24),
(373, 'Manahari', '44106', 24),
(374, 'Hetauda I.A.', '44107', 24),
(375, 'Basamadi', '44108', 24),
(376, 'Palung', '44110', 24),
(377, 'Bhaise', '44111', 24),
(378, 'Bhimphedi', '44112', 24),
(379, 'Markhu', '44113', 24),
(380, 'Kathmandu G.P.O.  ', '44600', 25),
(381, 'Sankhu', '44601', 25),
(382, 'Chabahil', '44602', 25),
(383, 'Sundarijal', '44603', 25),
(384, 'Gauchar', '44604', 25),
(385, 'Dillibazar', '44605', 25),
(386, 'Bansbari', '44606', 25),
(387, 'Tokha Sarswati', '44608', 25),
(388, 'Sachibalaya', '44609', 25),
(389, 'Manmaiju', '44610', 25),
(390, 'Balaju', '44611', 25),
(391, 'Tribhuvan University', '44613', 25),
(392, 'Kalimati', '44614', 25),
(393, 'Pharping', '44615', 25),
(394, 'Baluwatar', '44616', 25),
(395, 'Sarbochha Adalata', '44617', 25),
(396, 'Kritipur', '44618', 25),
(397, 'Thankot', '44619', 25),
(398, 'Swayambhu', '44620', 25),
(399, 'Pashupati', '44621', 25),
(400, 'Budhanilkantha', '44622', 25),
(401, 'Lalitpur D.P.O.  ', '44700', 26),
(402, 'Dhapakhel', '44703', 26),
(403, 'Imadol', '44705', 26),
(404, 'Darabartole', '44707', 26),
(405, 'Lubhu', '44708', 26),
(406, 'Godawari', '44709', 26),
(407, 'Chapagaun', '44710', 26),
(408, 'Gotikhel', '44711', 26),
(409, 'Bharredanda', '44712', 26),
(410, 'Putar', '44713', 26),
(411, 'Bhaktapur D.P.O.  ', '44800', 27),
(412, 'Dubakot', '44802', 27),
(413, 'Kharipati', '44804', 27),
(414, 'Tathali', '44805', 27),
(415, 'Jorpati', '44806', 27),
(416, 'Gaamcha', '44809', 27),
(417, 'Dibyashwori', '44810', 27),
(418, 'Thimi', '44811', 27),
(419, 'Nagarkot', '44812', 27),
(420, 'Nuwakot D.P.O.  ', '44900', 28),
(421, 'Thansingh', '44902', 28),
(422, 'Ranipauwa', '44903', 28),
(423, 'Taruka', '44905', 28),
(424, 'Deurali', '44906', 28),
(425, 'Kahule', '44907', 28),
(426, 'Nuwakot', '44908', 28),
(427, 'Chokade', '44909', 28),
(428, 'Kharanitar', '44910', 28),
(429, 'Bhadratar', '44911', 28),
(430, 'Ramabhati', '44912', 28),
(431, 'Raurbesi', '44913', 28),
(432, 'Pokharichapdanda', '44914', 28),
(433, 'Devighat', '44915', 28),
(434, 'Rasuwa D.P.O.  ', '45000', 29),
(435, 'Dhaibungi', '45003', 29),
(436, 'Ramkali', '45004', 29),
(437, 'Rasuwa', '45007', 29),
(438, 'Syaphru Besi', '45009', 29),
(439, 'Dhading D.P.O.  ', '45100', 30),
(440, 'Lapa', '45101', 30),
(441, 'Sertung', '45102', 30),
(442, 'Phulkharka', '45103', 30),
(443, 'Tripureshwor', '45104', 30),
(444, 'Katunje', '45105', 30),
(445, 'Sunkhani', '45106', 30),
(446, 'Sanaulabazar', '45108', 30),
(447, 'Maidi', '45109', 30),
(448, 'Khanikhola', '45110', 30),
(449, 'Bhumisthan', '45111', 30),
(450, 'Gajuri', '45112', 30),
(451, 'Malekhu', '45113', 30),
(452, 'Kavrepalanchok D.P.O.  ', '45200', 31),
(453, 'Ghartichhap', '45201', 31),
(454, 'Mangaltar', '45202', 31),
(455, 'Pokhari Narayansthan', '45203', 31),
(456, 'Gumati Bhanjyang', '45204', 31),
(457, 'Dapcha', '45205', 31),
(458, 'Panauti', '45209', 31),
(459, 'Banepa', '45210', 31),
(460, 'Panchkhal', '45212', 31),
(461, 'Mahadevasthan', '45213', 31),
(462, 'Phalate', '45214', 31),
(463, 'Dolal Ghat', '45215', 31),
(464, 'Khopasi', '45216', 31),
(465, 'Sindhupalchok D.P.O.  ', '45300', 32),
(466, 'Kodari', '45301', 32),
(467, 'Barabise', '45302', 32),
(468, 'Ararpu', '45304', 32),
(469, 'Lamosanghu', '45305', 32),
(470, 'Nawalpur', '45306', 32),
(471, 'Pantan', '45307', 32),
(472, 'Jalbire', '45308', 32),
(473, 'Bhotsipa', '45309', 32),
(474, 'Melamchi Bahunepati', '45310', 32),
(475, 'Gyalthum', '45311', 32),
(476, 'Thanfapaldhap', '45312', 32),
(477, 'Dubachaur', '45313', 32),
(478, 'Balephi', '45314', 32),
(479, 'Ramechhap D.P.O.  ', '45400', 33),
(480, 'Those', '45401', 33),
(481, 'Duragaun', '45402', 33),
(482, 'Berali', '45403', 33),
(483, 'Khimti', '45404', 33),
(484, 'Saghutar', '45405', 33),
(485, 'Kathjor', '45406', 33),
(486, 'Puranagaun', '45408', 33),
(487, 'Doramba', '45409', 33),
(488, 'Hiledevi', '45410', 33),
(489, 'Bhirpani', '45411', 33),
(490, 'Dolakha D.P.O.  ', '45500', 34),
(491, 'Khahare', '45501', 34),
(492, 'Namdu', '45502', 34),
(493, 'Jiri', '45503', 34),
(494, 'Japhekalapani', '45505', 34),
(495, 'Melung', '45506', 34),
(496, 'Bhusapheda', '45507', 34),
(497, 'Sunkhani', '45509', 34),
(498, 'Khopachaggu', '45510', 34),
(499, 'Lamabagar', '45511', 34),
(500, 'Chitre', '45512', 34),
(501, 'Sindhuli D.P.O.  ', '45900', 35),
(502, 'Solpa', '45901', 35),
(503, 'Bahun Tilpung', '45902', 35),
(504, 'Dudhauli', '45903', 35),
(505, 'Dakaha', '45904', 35),
(506, 'Gwaltar', '45905', 35),
(507, 'Khurkot', '45906', 35),
(508, 'Belghari', '45907', 35),
(509, 'Bhiman', '45909', 35),
(510, 'Jhanga Jholi', '45910', 35),
(511, 'Netrakali', '45911', 35),
(512, 'Kapilkot', '45912', 35),
(513, 'Pipalmadhiratanpur', '45913', 35),
(514, 'Mustang D.P.O.  ', '33100', 36),
(515, 'Marpha', '33102', 36),
(516, 'Kagbeni', '33103', 36),
(517, 'Charang', '33104', 36),
(518, 'Mustang', '33105', 36),
(519, 'Chhoser', '33106', 36),
(520, 'Muktinath', '33107', 36),
(521, 'Lete', '33108', 36),
(522, 'Thak Tukche', '33109', 36),
(523, 'Myagdi D.P.O.  ', '33200', 37),
(524, 'Lulang', '33201', 37),
(525, 'Xyamarukot', '33202', 37),
(526, 'Galeshwor', '33203', 37),
(527, 'Rakhu Bagawati', '33204', 37),
(528, 'Sikha', '33205', 37),
(529, 'Dana', '33206', 37),
(530, 'Babiyachaur', '33207', 37),
(531, 'Darbang', '33208', 37),
(532, 'Pakhapani', '33209', 37),
(533, 'Takam', '33210', 37),
(534, 'Baglung D.P.O.  ', '33300', 38),
(535, 'Bihukot', '33303', 38),
(536, 'Harichaur', '33304', 38),
(537, 'Balera Payupata', '33305', 38),
(538, 'Jaidi Belbagar', '33306', 38),
(539, 'Galkot', '33308', 38),
(540, 'Arnakot', '33310', 38),
(541, 'Khawrwang', '33311', 38),
(542, 'Kusmishera', '33313', 38),
(543, 'Parbat D.P.O.  ', '33400', 39),
(544, 'Salijia', '33401', 39),
(545, 'Khurkot', '33402', 39),
(546, 'Deurali', '33403', 39),
(547, 'Thulipokhari', '33405', 39),
(548, 'Karkineta', '33406', 39),
(549, 'Devisthan', '33407', 39),
(550, 'Bachchha', '33408', 39),
(551, 'Lankhudeurali', '33409', 39),
(552, 'Hubas', '33410', 39),
(553, 'Khor Pokhara', '33411', 39),
(554, 'Seribeni', '33412', 39),
(555, 'Manang D.P.O.  ', '33500', 40),
(556, 'Pisang', '33502', 40),
(557, 'Bhakra', '33503', 40),
(558, 'Mathillo Manang', '33504', 40),
(559, 'Nar', '33507', 40),
(560, 'Dharapani', '33509', 40),
(561, 'Lamjung D.P.O.  ', '33600', 41),
(562, 'Maling', '33602', 41),
(563, 'Sundar Bazar', '33603', 41),
(564, 'Sotipasal', '33604', 41),
(565, 'Kunchha', '33605', 41),
(566, 'Gilung', '33606', 41),
(567, 'Khudi', '33607', 41),
(568, 'Phaliyasanghu', '33608', 41),
(569, 'Bharate', '33609', 41),
(570, 'Gaunda', '33610', 41),
(571, 'Tarkughat', '33611', 41),
(572, 'Kaski D.P.O.  ', '33700', 42),
(573, 'Rupakot', '33701', 42),
(574, 'Gagan Gauda', '33702', 42),
(575, 'Makaikhola', '33703', 42),
(576, 'Majhathana', '33704', 42),
(577, 'Sildujuree', '33705', 42),
(578, 'Nirmalpokhari', '33706', 42),
(579, 'Pardibandha', '33707', 42),
(580, 'Bhalam', '33708', 42),
(581, 'Chapakot', '33709', 42),
(582, 'Birethati', '33710', 42),
(583, 'Baudanda', '33711', 42),
(584, 'Ghachok', '33712', 42),
(585, 'Purunchaur', '33713', 42),
(586, 'Syangja D.P.O.  ', '33800', 43),
(587, 'Kolma', '33802', 43),
(588, 'Kichnas', '33803', 43),
(589, 'Jharkham', '33804', 43),
(590, 'Arjunchaupari', '33805', 43),
(591, 'Panchamul', '33806', 43),
(592, 'Ranfethati', '33807', 43),
(593, 'Fedikhola', '33808', 43),
(594, 'Bhumare', '33811', 43),
(595, 'Kyakmi', '33812', 43),
(596, 'Waidha Bhanjyang', '33813', 43),
(597, 'Chapakot', '33814', 43),
(598, 'Galyang', '33815', 43),
(599, 'Tanahun D.P.O.  ', '33900', 44),
(600, 'Tuhure Pasal', '33902', 44),
(601, 'Manechouka', '33903', 44),
(602, 'Bandipur', '33904', 44),
(603, 'Aambu Khaureni', '33905', 44),
(604, 'Baidi', '33906', 44),
(605, 'Kahunshivapur', '33907', 44),
(606, 'Raising Ranipokhari', '33908', 44),
(607, 'Ghiring Sundhara', '33909', 44),
(608, 'Bhimad', '33910', 44),
(609, 'Lamagaun', '33911', 44),
(610, 'Khairenitar', '33912', 44),
(611, 'Shisha Ghat', '33913', 44),
(612, 'Dumre', '33914', 44),
(613, 'Devaghat', '33915', 44),
(614, 'Gorkha D.P.O.  ', '34000', 45),
(615, 'Bunkot', '34002', 45),
(616, 'Manakamana', '34003', 45),
(617, 'Batase', '34004', 45),
(618, 'Luintel', '34005', 45),
(619, 'Aapapipal', '34006', 45),
(620, 'Jaubari', '34007', 45),
(621, 'Bhachchek', '34008', 45),
(622, 'Sourpani', '34009', 45),
(623, 'Ghyampesal', '34010', 45),
(624, 'Aarughat', '34011', 45),
(625, 'Gumda', '34012', 45),
(626, 'Sirdibash', '34013', 45),
(627, 'Bardiya D.P.O.  ', '21800', 46),
(628, 'Jamuni', '21801', 46),
(629, 'Mainapokhar', '21802', 46),
(630, 'Motipur', '21803', 46),
(631, 'Magaragadi', '21804', 46),
(632, 'Baganaha', '21808', 46),
(633, 'Bhurigaun', '21809', 46),
(634, 'Rajpur', '21811', 46),
(635, 'Pashupatinagar', '21813', 46),
(636, 'Sanoshri', '21814', 46),
(637, 'Banke D.P.O.  ', '21900', 47),
(638, 'Suiay', '21901', 47),
(639, 'Bhojbhagawanpur', '21902', 47),
(640, 'Khaskusma', '21903', 47),
(641, 'Kohalpur', '21904', 47),
(642, 'Ramjha', '21905', 47),
(643, 'Udayapur', '21907', 47),
(644, 'Chisapani', '21910', 47),
(645, 'Godahana', '21911', 47),
(646, 'Jayaspur', '21912', 47),
(647, 'Khajura', '21913', 47),
(648, 'Chandranagar', '21914', 47),
(649, 'Rolpa D.P.O.  ', '22100', 48),
(650, 'Khungri', '22102', 48),
(651, 'Sirpa', '22103', 48),
(652, 'Thawang', '22106', 48),
(653, 'Himtakura', '22107', 48),
(654, 'Ghartigaun', '22108', 48),
(655, 'Nerpa', '22110', 48),
(656, 'Dahaban', '22111', 48),
(657, 'Shulichaur', '22112', 48),
(658, 'Jhenam(Holeri)', '22113', 48),
(659, 'Pyuthan D.P.O.  ', '22300', 49),
(660, 'Dakhaquadi', '22301', 49),
(661, 'Bhingri', '22303', 49),
(662, 'Wagesal', '22304', 49),
(663, 'Baraula', '22305', 49),
(664, 'Majuwa', '22307', 49),
(665, 'Machchhi', '22308', 49),
(666, 'Thulabesi', '22309', 49),
(667, 'Lungbahane', '22310', 49),
(668, 'Bijuwar', '22311', 49),
(669, 'Naya Gaun', '22312', 49),
(670, 'Dang D.P.O.  ', '22400', 50),
(671, 'Hapur', '22402', 50),
(672, 'Jumlepani', '22403', 50),
(673, 'Bhaluwang', '22404', 50),
(674, 'Koilbas', '22405', 50),
(675, 'Jangrahawa', '22406', 50),
(676, 'Rampur', '22407', 50),
(677, 'Urahari', '22408', 50),
(678, 'Hekuli', '22409', 50),
(679, 'Panchakule', '22410', 50),
(680, 'Tulsipur', '22412', 50),
(681, 'Manpur', '22413', 50),
(682, 'Lamahi', '22414', 50),
(683, 'Ghoraha', '22415', 50),
(684, 'Palpa D.P.O.  ', '32500', 51),
(685, 'Sahalkot', '32501', 51),
(686, 'Rampur', '32502', 51),
(687, 'Hungi', '32503', 51),
(688, 'Jalpa', '32504', 51),
(689, 'Tahu', '32505', 51),
(690, 'Jhadewa', '32506', 51),
(691, 'Aeyabhanjyang', '32507', 51),
(692, 'Madanpokhari', '32508', 51),
(693, 'Khasyauli', '32509', 51),
(694, 'Argali', '32510', 51),
(695, 'Chhahara', '32511', 51),
(696, 'Palungmainadi', '32512', 51),
(697, 'Baldengadi', '32513', 51),
(698, 'Gulmi D.P.O.  ', '32600', 52),
(699, 'Bharse', '32602', 52),
(700, 'Chandrakot', '32603', 52),
(701, 'Majuwa', '32604', 52),
(702, 'Ridi', '32605', 52),
(703, 'Sringa', '32606', 52),
(704, 'Birbas', '32607', 52),
(705, 'Wami', '32609', 52),
(706, 'Ismadohali', '32610', 52),
(707, 'Dhurkot', '32611', 52),
(708, 'Purkotadha', '32612', 52),
(709, 'Arje', '32613', 52),
(710, 'Manabhak', '32614', 52),
(711, 'Pipaldanda', '32615', 52),
(712, 'Arghakhanchi D.P.O.  ', '32700', 53),
(713, 'Balkot', '32701', 53),
(714, 'Arghatosh', '32702', 53),
(715, 'Khan', '32703', 53),
(716, 'Wangla', '32704', 53),
(717, 'Hamshapur', '32705', 53),
(718, 'Thada', '32706', 53),
(719, 'Khilji', '32708', 53),
(720, 'Khidim', '32709', 53),
(721, 'Pali', '32710', 53),
(722, 'Dhikura', '32711', 53),
(723, 'Argha', '32712', 53),
(724, 'Subarnakhal', '32713', 53),
(725, 'Kapilbastu D.P.O.  ', '32800', 54),
(726, 'Pipara', '32801', 54),
(727, 'Patariya', '32802', 54),
(728, 'Pakadi', '32804', 54),
(729, 'Kopawa', '32805', 54),
(730, 'Gotihawa', '32808', 54),
(731, 'Grusinge', '32809', 54),
(732, 'Pattharkot', '32810', 54),
(733, 'Thuniya', '32811', 54),
(734, 'Maharjgung', '32812', 54),
(735, 'Ganeshpur', '32813', 54),
(736, 'Chanauta', '32814', 54),
(737, 'Krishnanagar', '32815', 54),
(738, 'Shiva Raj', '32816', 54),
(739, 'Rupandehi D.P.O.  ', '32900', 55),
(740, 'Siktahan', '32901', 55),
(741, 'Dhakadhai', '32902', 55),
(742, 'Manigram', '32903', 55),
(743, 'Kotihawa', '32904', 55),
(744, 'Thutipipal', '32905', 55),
(745, 'Butwal', '32907', 55),
(746, 'Perroha', '32908', 55),
(747, 'Sauraha Pharsa', '32909', 55),
(748, 'Anuwa', '32910', 55),
(749, 'Saljandhi', '32911', 55),
(750, 'Suryapura', '32912', 55),
(751, 'Tenauhawa', '32913', 55),
(752, 'Lumbini', '32914', 55),
(753, 'Betkuiya', '32915', 55),
(754, 'Mahadejiya', '32916', 55),
(755, 'Nawalparasi D.P.O.  ', '33000', 56),
(756, 'Rakuwa', '33001', 56),
(757, 'Bulingtar', '33002', 56),
(758, 'Gaindakot', '33003', 56),
(759, 'Dumkauli', '33004', 56),
(760, 'Shergunj', '33005', 56),
(761, 'Naya Belhani', '33006', 56),
(762, 'Tribeni', '33007', 56),
(763, 'Semari', '33008', 56),
(764, 'Guthi Persauni', '33009', 56),
(765, 'Bhujahawa', '33010', 56),
(766, 'Makar', '33011', 56),
(767, 'Tilakpur', '33012', 56),
(768, 'Maheshpur', '33013', 56),
(769, 'Sunwal', '33015', 56),
(770, 'Pithauli', '33016', 56),
(771, 'Humla D.P.O.  ', '21000', 57),
(772, 'Muchu', '21003', 57),
(773, 'Lali', '21004', 57),
(774, 'Sarkegadh', '21005', 57),
(775, 'Darma', '21007', 57),
(776, 'Srinagar', '21008', 57),
(777, 'Mugu D.P.O.  ', '21100', 58),
(778, 'Rowa', '21102', 58),
(779, 'Pullu', '21103', 58),
(780, 'Sorubarma', '21105', 58),
(781, 'Rara', '21106', 58),
(782, 'Sukhadhik', '21107', 58),
(783, 'Ghumtha', '21109', 58),
(784, 'Dhainkot', '21110', 58),
(785, 'Jumla D.P.O.  ', '21200', 59),
(786, 'Dillichaur', '21202', 59),
(787, 'Tatopani', '21204', 59),
(788, 'Malikathata', '21205', 59),
(789, 'Kalikakhetu', '21206', 59),
(790, 'Narakot', '21207', 59),
(791, 'Hatsinja', '21208', 59),
(792, 'Chhautha', '21209', 59),
(793, 'Kalikot D.P.O.  ', '21300', 60),
(794, 'Sanniraskot', '21303', 60),
(795, 'Mehalmudi', '21304', 60),
(796, 'Kotbada', '21305', 60),
(797, 'Kalikot', '21306', 60),
(798, 'Padamghat', '21307', 60),
(799, 'Jubitha', '21308', 60),
(800, 'Thirpu', '21309', 60),
(801, 'Dolpa D.P.O.  ', '21400', 61),
(802, 'Juphal', '21401', 61),
(803, 'Tripurakot', '21402', 61),
(804, 'Liku', '21403', 61),
(805, 'Sarmi', '21404', 61),
(806, 'Kaigaun', '21405', 61),
(807, 'Foksundo', '21406', 61),
(808, 'Namdo', '21407', 61),
(809, 'Jajarkot D.P.O.  ', '21500', 62),
(810, 'Dhime', '21503', 62),
(811, 'Dalli', '21504', 62),
(812, 'Ragda', '21505', 62),
(813, 'Rokaya Gaun(Limsa)', '21506', 62),
(814, 'Dashera', '21508', 62),
(815, 'Thalaraikar', '21509', 62),
(816, 'Garkhakot', '21510', 62),
(817, 'Karkigaun', '21511', 62),
(818, 'Dailekh D.P.O.  ', '21600', 63),
(819, 'Gaidabaj', '21602', 63),
(820, 'Naumule', '21603', 63),
(821, 'Byastada', '21604', 63),
(822, 'Dhungeshwor', '21605', 63),
(823, 'Malika', '21607', 63),
(824, 'Dullu', '21608', 63),
(825, 'Jambu Kandha', '21609', 63),
(826, 'Rakam Karnali', '21610', 63),
(827, 'Surkhet (M.W.R.P.D)', '21700', 64),
(828, 'Chhinchu', '21701', 64),
(829, 'Ramghat', '21702', 64),
(830, 'Sahare', '21703', 64),
(831, 'Gumi', '21704', 64),
(832, 'Bheriganga', '21705', 64),
(833, 'Matela', '21706', 64),
(834, 'Garpan', '21707', 64),
(835, 'Kunathari', '21709', 64),
(836, 'Babiyachaur', '21710', 64),
(837, 'Gutu', '21711', 64),
(838, 'Rukum D.P.O', '22000', 65),
(839, 'Rukumkot', '22002', 65),
(840, 'Riwangchaur', '22004', 65),
(841, 'Kol', '22005', 65),
(842, 'Peugha', '22007', 65),
(843, 'Chaur Jahari', '22008', 65),
(844, 'Simli', '22009', 65),
(845, 'Radijyula', '22010', 65),
(846, 'Baphikot', '22011', 65),
(847, 'Salyan D.P.O', '22200', 66),
(848, 'Kalimati Kalche', '22201', 66),
(849, 'Luham', '22202', 66),
(850, 'Dhanbang', '22203', 66),
(851, 'Maheneta', '22204', 66),
(852, 'Malneta', '22207', 66),
(853, 'Maidu', '22208', 66),
(854, 'Ragechour', '22209', 66),
(855, 'Bhalchaur', '22210', 66),
(856, 'Tharmare', '22211', 66),
(857, 'Darchula D.P.O', '10100', 67),
(858, 'Rapla', '10101', 67),
(859, 'Duhuti', '10102', 67),
(860, 'Malikarjun', '10104', 67),
(861, 'Joljibi', '10105', 67),
(862, 'Ritha Chaupata', '10107', 67),
(863, 'Gokuleshwor', '10108', 67),
(864, 'Sitola', '10109', 67),
(865, 'Marmalatinath', '10110', 67),
(866, 'Sipti', '10111', 67),
(867, 'Dandakot', '10116', 67),
(868, 'Darchula D.P.O', '10200', 68),
(869, 'Kesharpur', '10201', 68),
(870, 'Patan', '10202', 68),
(871, 'Khodepe', '10203', 68),
(872, 'Mulkhatali', '10204', 68),
(873, 'Gajari Changgad', '10205', 68),
(874, 'Dehimandau', '10207', 68),
(875, 'Sharmali', '10209', 68),
(876, 'Srikot', '10210', 68),
(877, 'Dilasaini', '10211', 68),
(878, 'Swopna Taladehi', '10212', 68),
(879, 'Purchaudihat', '10213', 68),
(880, 'Sitad', '10214', 68),
(881, 'Dhungad', '10215', 68),
(882, 'Baitedi D.P.O', '10200', 68),
(883, 'Dadeldhura D.P.O', '10300', 69),
(884, 'Ugratara', '10302', 69),
(885, 'Dandaban', '10303', 69),
(886, 'Ganeshpur', '10304', 69),
(887, 'Gaira Ganeshpur', '10305', 69),
(888, 'Jogbudha', '10306', 69),
(889, 'Lamikande', '10307', 69),
(890, 'Chipur', '10308', 69),
(891, 'Ajayameru', '10309', 69),
(892, 'Joshipur', '10310', 69),
(893, 'Kanchanpur D.P.O', '10400', 70),
(894, 'Krishnapur', '10401', 70),
(895, 'Kalika', '10402', 70),
(896, 'Punarbas', '10403', 70),
(897, 'Beldadi', '10404', 70),
(898, 'Pipaladi', '10405', 70),
(899, 'Kanchanpur', '10406', 70),
(900, 'Chandani', '10407', 70),
(901, 'Airport', '10408', 70),
(902, 'Suda', '10409', 70),
(903, 'Suda', '10410', 70),
(904, 'Jhalari', '10411', 70),
(905, 'Bajhang D.P.O', '10500', 71),
(906, 'Talkot', '10501', 71),
(907, 'Jamatola', '10502', 71),
(908, 'Jaya Prithvi Nagar', '10505', 71),
(909, 'Chammna', '10506', 71),
(910, 'Choudhari', '10507', 71),
(911, 'Rayal', '10508', 71),
(912, 'Thalahara', '10509', 71),
(913, 'Bungal', '10510', 71),
(914, 'Shayadi', '10511', 71),
(915, 'Bajura D.P.O', '10600', 72),
(916, 'Dandakot', '10602', 72),
(917, 'Jukot', '10603', 72),
(918, 'Faiti', '10604', 72),
(919, 'Kolti', '10605', 72),
(920, 'Manakot', '10606', 72),
(921, 'Dogadi', '10607', 72),
(922, 'Tate', '10608', 72),
(923, 'Chharara', '10609', 72),
(924, 'Achham D.P.O', '10700', 73),
(925, 'Chaurpati', '10701', 73),
(926, 'Srikot', '10702', 73),
(927, 'Thanti', '10703', 73),
(928, 'Mellekh', '10704', 73),
(929, 'Bayalpata', '10705', 73),
(930, 'Bhatakatiya', '10706', 73),
(931, 'Jayagadh', '10707', 73),
(932, 'Kalagaun', '10709', 73),
(933, 'Kuchikot', '10710', 73),
(934, 'Kamal Bazar', '10711', 73),
(935, 'Dhakari', '10712', 73),
(936, 'Turmakhad', '10713', 73),
(937, 'Doti D.P.O', '10800', 74),
(938, 'Silgadi', '10801', 74),
(939, 'Sanagaun', '10802', 74),
(940, 'Dound', '10803', 74),
(941, 'Mauwa Nagardaha', '10804', 74),
(942, 'Banedungrasen', '10805', 74),
(943, 'Jorayal', '10806', 74),
(944, 'Gridhshera', '10807', 74),
(945, 'Lankedareshwor', '10808', 74),
(946, 'Boktan', '10809', 74),
(947, 'Bael', '10810', 74),
(948, 'Mudbhara', '10811', 74),
(949, 'Kailali D.P.O', '10900', 75),
(950, 'Tikapur', '10901', 75),
(951, 'Munawa', '10902', 75),
(952, 'Dododhara', '10903', 75),
(953, 'Lamki', '10904', 75),
(954, 'Masuruya', '10905', 75),
(955, 'Pahalmanpur', '10906', 75),
(956, 'Hasuliya', '10907', 75),
(957, 'Bhajani', '10908', 75),
(958, 'Joshipur', '10909', 75),
(959, 'Phulbari', '10910', 75),
(960, 'Attariya', '10911', 75),
(961, 'Chaumala', '10912', 75),
(962, 'Phaltunde', '10914', 75);

-- --------------------------------------------------------

--
-- Table structure for table `code`
--

CREATE TABLE `code` (
  `id` int(11) NOT NULL,
  `name` int(255) NOT NULL,
  `city_id` int(11) NOT NULL
) ENGINE=InnoDB DEFAULT CHARSET=utf8mb4;

-- --------------------------------------------------------

--
-- Table structure for table `country`
--

CREATE TABLE `country` (
  `id` int(11) NOT NULL,
  `country_name` varchar(255) NOT NULL
) ENGINE=InnoDB DEFAULT CHARSET=latin1;

--
-- Dumping data for table `country`
--

INSERT INTO `country` (`id`, `country_name`) VALUES
(1, 'Province1'),
(2, 'Province2'),
(3, 'Province3'),
(4, 'Province4'),
(5, 'Province5'),
(6, 'Province6'),
(7, 'Province7');

-- --------------------------------------------------------

--
-- Table structure for table `states`
--

CREATE TABLE `states` (
  `id` int(11) NOT NULL,
  `name` varchar(255) NOT NULL,
  `country_id` int(11) NOT NULL
) ENGINE=InnoDB DEFAULT CHARSET=latin1;

--
-- Dumping data for table `states`
--

INSERT INTO `states` (`id`, `name`, `country_id`) VALUES
(1, 'Solukhumbu', 1),
(2, 'Okhaldhunga', 1),
(3, 'Khotang', 1),
(4, 'Udayapur', 1),
(5, 'Morang', 1),
(6, 'Sunsari', 1),
(7, 'Dhankuta', 1),
(8, 'Sankhuwasava', 1),
(9, 'Bhojpur', 1),
(10, 'Terathum', 1),
(11, 'Jhapa', 1),
(12, 'Illam', 1),
(13, 'Panchthar', 1),
(14, 'Taplejung', 1),
(15, 'Parsa', 2),
(16, 'Bara', 2),
(17, 'Rauthat', 2),
(18, 'Dhanusa', 2),
(19, 'Mahotari', 2),
(20, 'Sarlahi', 2),
(21, 'Saptari', 2),
(22, 'Siraha', 2),
(23, 'Chitwan', 3),
(24, 'Makwanpur', 3),
(25, 'Kathmandu', 3),
(26, 'Lalitpur', 3),
(27, 'Bhaktapur', 3),
(28, 'Nuwakot', 3),
(29, 'Rasuwa', 3),
(30, 'Dhading', 3),
(31, 'Kavrepalanchowk', 3),
(32, 'Sindhuplanchowk', 3),
(33, 'Ramechap', 3),
(34, 'Dolkha', 3),
(35, 'Sindhuli', 3),
(36, 'Mustang', 4),
(37, 'Myagdi', 4),
(38, 'Baglung', 4),
(39, 'Parbat', 4),
(40, 'Manang', 4),
(41, 'Lamjung', 4),
(42, 'Kaski', 4),
(43, 'Syangja', 4),
(44, 'Tanuhu', 4),
(45, 'Gorkha', 4),
(46, 'Bardiya', 5),
(47, 'Baanke', 5),
(48, 'Rolpa', 5),
(49, 'Pyuthan', 5),
(50, 'Dang', 5),
(51, 'Palpa', 5),
(52, 'Gulmi', 5),
(53, 'Arghakhachi', 5),
(54, 'Kapilbastu', 5),
(55, 'Rupandehi', 5),
(56, 'Nawalparasi', 5),
(57, 'Humla', 6),
(58, 'Mugu', 6),
(59, 'Jumla', 6),
(60, 'Kalikot', 6),
(61, 'Dolpa', 6),
(62, 'Jaajarkot', 6),
(63, 'Dailekh', 6),
(64, 'Surkhet', 6),
(65, 'Rukum', 6),
(66, 'Salyan', 6),
(67, 'Daarchula', 7),
(68, 'Baitadi', 7),
(69, 'Dadeldhura', 7),
(70, 'Kanchanpur', 7),
(71, 'Bajhang', 7),
(72, 'Bajura', 7),
(73, 'Achham', 7),
(74, 'Doti', 7),
(75, 'Kailali', 7);

--
-- Indexes for dumped tables
--

--
-- Indexes for table `city`
--
ALTER TABLE `city`
  ADD PRIMARY KEY (`id`),
  ADD KEY `state_id` (`state_id`);

--
-- Indexes for table `code`
--
ALTER TABLE `code`
  ADD PRIMARY KEY (`id`),
  ADD KEY `city_id` (`city_id`);

--
-- Indexes for table `country`
--
ALTER TABLE `country`
  ADD PRIMARY KEY (`id`);

--
-- Indexes for table `states`
--
ALTER TABLE `states`
  ADD PRIMARY KEY (`id`),
  ADD KEY `country_id` (`country_id`);

--
-- AUTO_INCREMENT for dumped tables
--

--
-- AUTO_INCREMENT for table `city`
--
ALTER TABLE `city`
  MODIFY `id` int(11) NOT NULL AUTO_INCREMENT, AUTO_INCREMENT=963;

--
-- AUTO_INCREMENT for table `code`
--
ALTER TABLE `code`
  MODIFY `id` int(11) NOT NULL AUTO_INCREMENT;

--
-- AUTO_INCREMENT for table `states`
--
ALTER TABLE `states`
  MODIFY `id` int(11) NOT NULL AUTO_INCREMENT, AUTO_INCREMENT=76;

--
-- Constraints for dumped tables
--

--
-- Constraints for table `city`
--
ALTER TABLE `city`
  ADD CONSTRAINT `city_ibfk_1` FOREIGN KEY (`state_id`) REFERENCES `states` (`id`);

--
-- Constraints for table `states`
--
ALTER TABLE `states`
  ADD CONSTRAINT `states_ibfk_1` FOREIGN KEY (`country_id`) REFERENCES `country` (`id`);
COMMIT;

/*!40101 SET CHARACTER_SET_CLIENT=@OLD_CHARACTER_SET_CLIENT */;
/*!40101 SET CHARACTER_SET_RESULTS=@OLD_CHARACTER_SET_RESULTS */;
/*!40101 SET COLLATION_CONNECTION=@OLD_COLLATION_CONNECTION */;
